-- =============================================
-- 测试数据插入脚本
-- =============================================
USE `info_consultation`;

-- =============================================
-- 插入角色数据
-- =============================================
INSERT INTO `role` (`id`, `role_name`, `role_code`, `description`, `status`) VALUES
(1, '超级管理员', 'SUPER_ADMIN', '拥有所有权限', 1),
(2, '编辑', 'EDITOR', '负责内容编辑和发布', 1),
(3, '审核员', 'AUDITOR', '负责内容审核', 1);

-- =============================================
-- 插入管理员数据（密码：123456，使用BCrypt加密）
-- =============================================
INSERT INTO `admin` (`id`, `username`, `password`, `real_name`, `email`, `phone`, `role_id`, `status`) VALUES
(1, 'admin', '$2a$10$N.zmdr9k7uOCQb376NoUnuTJ8iAt6Z5EHsM8lE9lBOsl7iKTVKIUi', '系统管理员', 'admin@example.com', '13800138000', 1, 1),
(2, 'editor', '$2a$10$N.zmdr9k7uOCQb376NoUnuTJ8iAt6Z5EHsM8lE9lBOsl7iKTVKIUi', '张编辑', 'editor@example.com', '13800138001', 2, 1),
(3, 'auditor', '$2a$10$N.zmdr9k7uOCQb376NoUnuTJ8iAt6Z5EHsM8lE9lBOsl7iKTVKIUi', '李审核', 'auditor@example.com', '13800138002', 3, 1);

-- =============================================
-- 插入权限数据
-- =============================================
INSERT INTO `permission` (`id`, `permission_name`, `permission_code`, `permission_type`, `parent_id`, `path`, `icon`, `sort_order`) VALUES
(1, '首页', 'dashboard', 1, 0, '/dashboard', 'dashboard', 1),
(2, '资讯管理', 'article', 1, 0, '/article', 'article', 2),
(3, '文章列表', 'article:list', 1, 2, '/article/list', 'list', 1),
(4, '新增文章', 'article:add', 2, 2, NULL, NULL, 2),
(5, '编辑文章', 'article:edit', 2, 2, NULL, NULL, 3),
(6, '删除文章', 'article:delete', 2, 2, NULL, NULL, 4),
(7, '发布文章', 'article:publish', 2, 2, NULL, NULL, 5),
(8, '分类管理', 'category', 1, 0, '/category', 'category', 3),
(9, '标签管理', 'tag', 1, 0, '/tag', 'tag', 4),
(10, '用户管理', 'user', 1, 0, '/user', 'user', 5),
(11, '系统管理', 'system', 1, 0, '/system', 'setting', 6),
(12, '角色管理', 'system:role', 1, 11, '/system/role', 'role', 1),
(13, '管理员管理', 'system:admin', 1, 11, '/system/admin', 'admin', 2),
(14, '操作日志', 'system:log', 1, 11, '/system/log', 'log', 3),
(15, '数据统计', 'stats', 1, 0, '/stats', 'chart', 7);

-- =============================================
-- 插入角色权限关联数据（超级管理员拥有所有权限）
-- =============================================
INSERT INTO `role_permission` (`role_id`, `permission_id`) VALUES
(1, 1), (1, 2), (1, 3), (1, 4), (1, 5), (1, 6), (1, 7), (1, 8), (1, 9), (1, 10), (1, 11), (1, 12), (1, 13), (1, 14), (1, 15),
(2, 1), (2, 2), (2, 3), (2, 4), (2, 5), (2, 7), (2, 8), (2, 9),
(3, 1), (3, 2), (3, 3), (3, 7);

-- =============================================
-- 插入分类数据
-- =============================================
INSERT INTO `category` (`id`, `category_name`, `parent_id`, `level`, `sort_order`) VALUES
(1, '新闻', 0, 1, 1),
(2, '国内', 1, 2, 1),
(3, '国际', 1, 2, 2),
(4, '政策', 1, 2, 3),
(5, '科技', 0, 1, 2),
(6, '互联网', 5, 2, 1),
(7, '人工智能', 5, 2, 2),
(8, '5G通信', 5, 2, 3),
(9, '财经', 0, 1, 3),
(10, '股市', 9, 2, 1),
(11, '基金', 9, 2, 2),
(12, '房产', 9, 2, 3),
(13, '娱乐', 0, 1, 4),
(14, '影视', 13, 2, 1),
(15, '音乐', 13, 2, 2),
(16, '体育', 0, 1, 5),
(17, '足球', 16, 2, 1),
(18, '篮球', 16, 2, 2);

-- =============================================
-- 插入标签数据
-- =============================================
INSERT INTO `tag` (`id`, `tag_name`, `color`, `use_count`) VALUES
(1, '热点', '#ff4d4f', 15),
(2, '推荐', '#1890ff', 20),
(3, '原创', '#52c41a', 10),
(4, '深度', '#722ed1', 8),
(5, '独家', '#fa8c16', 5),
(6, 'AI', '#13c2c2', 12),
(7, '区块链', '#eb2f96', 6),
(8, '元宇宙', '#2f54eb', 7),
(9, '新能源', '#52c41a', 9),
(10, '教育', '#faad14', 11);

-- =============================================
-- 插入测试用户数据
-- =============================================
INSERT INTO `user` (`id`, `openid`, `nickname`, `avatar`, `gender`, `province`, `city`, `country`) VALUES
(1, 'oTest001', '张三', 'https://thirdwx.qlogo.cn/mmopen/test1.jpg', 1, '广东省', '深圳市', '中国'),
(2, 'oTest002', '李四', 'https://thirdwx.qlogo.cn/mmopen/test2.jpg', 2, '北京市', '北京市', '中国'),
(3, 'oTest003', '王五', 'https://thirdwx.qlogo.cn/mmopen/test3.jpg', 1, '上海市', '上海市', '中国'),
(4, 'oTest004', '赵六', 'https://thirdwx.qlogo.cn/mmopen/test4.jpg', 2, '浙江省', '杭州市', '中国'),
(5, 'oTest005', '钱七', 'https://thirdwx.qlogo.cn/mmopen/test5.jpg', 1, '江苏省', '南京市', '中国');

-- =============================================
-- 插入文章数据
-- =============================================
INSERT INTO `article` (`id`, `title`, `summary`, `cover_image`, `content`, `category_id`, `author_id`, `author_name`, `source`, `view_count`, `like_count`, `collect_count`, `share_count`, `is_top`, `is_hot`, `is_recommend`, `status`, `publish_time`) VALUES
(1, '人工智能技术迎来新突破，多模态大模型引领未来', '最新研究表明，多模态大模型在图像识别、自然语言处理等领域取得重大进展，为AI应用开辟新方向。', 'https://picsum.photos/800/450?random=1', '<p>人工智能技术正在经历一场深刻的变革。近日，多家科技公司发布了最新的多模态大模型，这些模型能够同时处理文本、图像、音频等多种类型的数据...</p><p>专家表示，这一突破将为智能助手、自动驾驶、医疗诊断等领域带来革命性的改变。</p>', 7, 1, '系统管理员', '科技日报', 1580, 89, 45, 23, 1, 1, 1, 1, '2026-03-10 09:00:00'),
(2, '国内经济稳中向好，消费市场持续回暖', '最新数据显示，今年一季度国内生产总值同比增长5.3%，消费市场呈现积极态势。', 'https://picsum.photos/800/450?random=2', '<p>国家统计局今日发布数据，一季度国内生产总值达到296299亿元，同比增长5.3%，经济运行总体平稳...</p><p>其中，社会消费品零售总额同比增长4.7%，显示出消费市场的强劲复苏势头。</p>', 2, 2, '张编辑', '经济参考报', 2340, 156, 78, 34, 1, 1, 1, 1, '2026-03-11 10:30:00'),
(3, '新能源汽车销量创新高，产业链迎来发展机遇', '2026年前两个月，新能源汽车销量同比增长超过30%，产业链上下游企业订单饱满。', 'https://picsum.photos/800/450?random=3', '<p>中国汽车工业协会数据显示，今年1-2月新能源汽车产销分别完成125.2万辆和120.7万辆...</p><p>业内人士认为，随着技术进步和政策支持，新能源汽车市场将继续保持高速增长。</p>', 6, 2, '张编辑', '汽车之家', 1890, 112, 56, 28, 0, 1, 1, 1, '2026-03-12 14:20:00'),
(4, '教育改革深入推进，素质教育成为新方向', '教育部发布最新政策，强调培养学生综合素质，减轻课业负担，促进全面发展。', 'https://picsum.photos/800/450?random=4', '<p>教育部近日印发《关于深化教育教学改革全面提高义务教育质量的意见》...</p><p>文件明确提出，要坚持"五育并举"，注重培养学生的创新精神和实践能力。</p>', 2, 1, '系统管理员', '中国教育报', 1456, 98, 67, 19, 0, 0, 1, 1, '2026-03-13 08:45:00'),
(5, '5G技术赋能千行百业，数字化转型加速', '5G网络建设持续推进，工业互联网、智慧城市等应用场景不断拓展。', 'https://picsum.photos/800/450?random=5', '<p>工信部最新数据显示，截至2月底，我国5G基站总数达到350.9万个...</p><p>5G技术正在深度融入制造、交通、医疗等各个领域，推动产业数字化转型。</p>', 8, 2, '张编辑', '通信世界', 2120, 134, 89, 45, 0, 1, 1, 1, '2026-03-13 16:00:00');

-- =============================================
-- 插入文章标签关联数据
-- =============================================
INSERT INTO `article_tag` (`article_id`, `tag_id`) VALUES
(1, 2), (1, 6), (1, 4),
(2, 1), (2, 2),
(3, 1), (3, 9),
(4, 2), (4, 10),
(5, 1), (5, 2), (5, 6);

-- =============================================
-- 插入轮播图数据
-- =============================================
INSERT INTO `banner` (`id`, `title`, `image_url`, `link_type`, `link_id`, `sort_order`) VALUES
(1, '人工智能技术迎来新突破', 'https://picsum.photos/1200/500?random=10', 1, 1, 1),
(2, '国内经济稳中向好', 'https://picsum.photos/1200/500?random=11', 1, 2, 2),
(3, '新能源汽车销量创新高', 'https://picsum.photos/1200/500?random=12', 1, 3, 3);

-- =============================================
-- 插入用户互动数据
-- =============================================
INSERT INTO `user_like` (`user_id`, `article_id`) VALUES
(1, 1), (1, 2), (1, 3),
(2, 1), (2, 5),
(3, 2), (3, 3), (3, 4),
(4, 1), (4, 3), (4, 5),
(5, 2), (5, 4);

INSERT INTO `user_collect` (`user_id`, `article_id`) VALUES
(1, 1), (1, 5),
(2, 2), (2, 3),
(3, 1), (3, 4),
(4, 2), (4, 5),
(5, 3);

INSERT INTO `user_history` (`user_id`, `article_id`, `view_time`) VALUES
(1, 1, '2026-03-14 10:30:00'),
(1, 2, '2026-03-14 11:00:00'),
(1, 3, '2026-03-14 11:30:00'),
(2, 1, '2026-03-14 09:00:00'),
(2, 5, '2026-03-14 09:30:00'),
(3, 2, '2026-03-14 14:00:00'),
(3, 3, '2026-03-14 14:30:00'),
(4, 1, '2026-03-14 15:00:00'),
(5, 4, '2026-03-14 16:00:00');

-- =============================================
-- 插入评论数据
-- =============================================
INSERT INTO `comment` (`id`, `article_id`, `user_id`, `parent_id`, `content`, `like_count`) VALUES
(1, 1, 1, 0, '这篇文章写得很好，对AI技术的分析很到位！', 15),
(2, 1, 2, 1, '同意，期待AI技术能带来更多改变', 8),
(3, 2, 3, 0, '经济数据令人振奋，希望能持续向好', 12),
(4, 3, 4, 0, '新能源汽车确实是未来趋势', 10),
(5, 5, 5, 0, '5G应用越来越广泛了', 7);

-- =============================================
-- 插入访问统计数据
-- =============================================
INSERT INTO `visit_stats` (`date`, `pv`, `uv`, `ip_count`, `article_view`) VALUES
('2026-03-10', 5680, 1234, 1156, 4520),
('2026-03-11', 6120, 1456, 1389, 5010),
('2026-03-12', 5890, 1345, 1278, 4780),
('2026-03-13', 6450, 1567, 1490, 5230),
('2026-03-14', 3200, 890, 845, 2650);

-- =============================================
-- 插入系统配置数据
-- =============================================
INSERT INTO `system_config` (`config_key`, `config_value`, `config_desc`) VALUES
('site_name', '信息咨询平台', '网站名称'),
('site_logo', 'https://example.com/logo.png', '网站Logo'),
('wx_appid', 'wx1234567890abcdef', '微信小程序AppID'),
('wx_secret', 'your_secret_key_here', '微信小程序Secret'),
('upload_max_size', '10485760', '上传文件最大大小（字节）'),
('article_page_size', '10', '文章列表每页显示数量');
